intersection_id,tollgate_id,time_window,avg_travel_time
A,2,"[2016-10-18 08:00:00,2016-10-18 08:20:00)",65.11
A,2,"[2016-10-18 08:20:00,2016-10-18 08:40:00)",66.12
A,2,"[2016-10-18 08:40:00,2016-10-18 09:00:00)",68.66
A,2,"[2016-10-18 09:00:00,2016-10-18 09:20:00)",69.92
A,2,"[2016-10-18 09:20:00,2016-10-18 09:40:00)",72.40
A,2,"[2016-10-18 09:40:00,2016-10-18 10:00:00)",71.30
A,2,"[2016-10-19 08:00:00,2016-10-19 08:20:00)",66.68
A,2,"[2016-10-19 08:20:00,2016-10-19 08:40:00)",69.28
A,2,"[2016-10-19 08:40:00,2016-10-19 09:00:00)",68.76
A,2,"[2016-10-19 09:00:00,2016-10-19 09:20:00)",68.11
A,2,"[2016-10-19 09:20:00,2016-10-19 09:40:00)",66.24
A,2,"[2016-10-19 09:40:00,2016-10-19 10:00:00)",64.67
A,2,"[2016-10-20 08:00:00,2016-10-20 08:20:00)",72.54
A,2,"[2016-10-20 08:20:00,2016-10-20 08:40:00)",76.57
A,2,"[2016-10-20 08:40:00,2016-10-20 09:00:00)",76.42
A,2,"[2016-10-20 09:00:00,2016-10-20 09:20:00)",75.45
A,2,"[2016-10-20 09:20:00,2016-10-20 09:40:00)",73.94
A,2,"[2016-10-20 09:40:00,2016-10-20 10:00:00)",71.34
A,2,"[2016-10-21 08:00:00,2016-10-21 08:20:00)",70.57
A,2,"[2016-10-21 08:20:00,2016-10-21 08:40:00)",73.12
A,2,"[2016-10-21 08:40:00,2016-10-21 09:00:00)",74.32
A,2,"[2016-10-21 09:00:00,2016-10-21 09:20:00)",73.94
A,2,"[2016-10-21 09:20:00,2016-10-21 09:40:00)",74.34
A,2,"[2016-10-21 09:40:00,2016-10-21 10:00:00)",73.09
A,2,"[2016-10-22 08:00:00,2016-10-22 08:20:00)",66.52
A,2,"[2016-10-22 08:20:00,2016-10-22 08:40:00)",67.25
A,2,"[2016-10-22 08:40:00,2016-10-22 09:00:00)",67.08
A,2,"[2016-10-22 09:00:00,2016-10-22 09:20:00)",66.21
A,2,"[2016-10-22 09:20:00,2016-10-22 09:40:00)",65.32
A,2,"[2016-10-22 09:40:00,2016-10-22 10:00:00)",65.52
A,2,"[2016-10-23 08:00:00,2016-10-23 08:20:00)",63.00
A,2,"[2016-10-23 08:20:00,2016-10-23 08:40:00)",65.19
A,2,"[2016-10-23 08:40:00,2016-10-23 09:00:00)",68.66
A,2,"[2016-10-23 09:00:00,2016-10-23 09:20:00)",69.18
A,2,"[2016-10-23 09:20:00,2016-10-23 09:40:00)",70.38
A,2,"[2016-10-23 09:40:00,2016-10-23 10:00:00)",71.03
A,2,"[2016-10-24 08:00:00,2016-10-24 08:20:00)",67.91
A,2,"[2016-10-24 08:20:00,2016-10-24 08:40:00)",69.48
A,2,"[2016-10-24 08:40:00,2016-10-24 09:00:00)",71.39
A,2,"[2016-10-24 09:00:00,2016-10-24 09:20:00)",72.17
A,2,"[2016-10-24 09:20:00,2016-10-24 09:40:00)",74.05
A,2,"[2016-10-24 09:40:00,2016-10-24 10:00:00)",74.07
A,2,"[2016-10-18 17:00:00,2016-10-18 17:20:00)",69.37
A,2,"[2016-10-18 17:20:00,2016-10-18 17:40:00)",69.40
A,2,"[2016-10-18 17:40:00,2016-10-18 18:00:00)",68.04
A,2,"[2016-10-18 18:00:00,2016-10-18 18:20:00)",67.34
A,2,"[2016-10-18 18:20:00,2016-10-18 18:40:00)",64.98
A,2,"[2016-10-18 18:40:00,2016-10-18 19:00:00)",63.59
A,2,"[2016-10-19 17:00:00,2016-10-19 17:20:00)",64.82
A,2,"[2016-10-19 17:20:00,2016-10-19 17:40:00)",64.37
A,2,"[2016-10-19 17:40:00,2016-10-19 18:00:00)",62.73
A,2,"[2016-10-19 18:00:00,2016-10-19 18:20:00)",60.70
A,2,"[2016-10-19 18:20:00,2016-10-19 18:40:00)",58.72
A,2,"[2016-10-19 18:40:00,2016-10-19 19:00:00)",58.37
A,2,"[2016-10-20 17:00:00,2016-10-20 17:20:00)",66.56
A,2,"[2016-10-20 17:20:00,2016-10-20 17:40:00)",66.79
A,2,"[2016-10-20 17:40:00,2016-10-20 18:00:00)",64.92
A,2,"[2016-10-20 18:00:00,2016-10-20 18:20:00)",62.64
A,2,"[2016-10-20 18:20:00,2016-10-20 18:40:00)",60.22
A,2,"[2016-10-20 18:40:00,2016-10-20 19:00:00)",59.37
A,2,"[2016-10-21 17:00:00,2016-10-21 17:20:00)",71.48
A,2,"[2016-10-21 17:20:00,2016-10-21 17:40:00)",71.19
A,2,"[2016-10-21 17:40:00,2016-10-21 18:00:00)",68.73
A,2,"[2016-10-21 18:00:00,2016-10-21 18:20:00)",66.89
A,2,"[2016-10-21 18:20:00,2016-10-21 18:40:00)",64.94
A,2,"[2016-10-21 18:40:00,2016-10-21 19:00:00)",64.88
A,2,"[2016-10-22 17:00:00,2016-10-22 17:20:00)",67.18
A,2,"[2016-10-22 17:20:00,2016-10-22 17:40:00)",67.14
A,2,"[2016-10-22 17:40:00,2016-10-22 18:00:00)",65.43
A,2,"[2016-10-22 18:00:00,2016-10-22 18:20:00)",63.06
A,2,"[2016-10-22 18:20:00,2016-10-22 18:40:00)",60.99
A,2,"[2016-10-22 18:40:00,2016-10-22 19:00:00)",60.19
A,2,"[2016-10-23 17:00:00,2016-10-23 17:20:00)",67.21
A,2,"[2016-10-23 17:20:00,2016-10-23 17:40:00)",67.33
A,2,"[2016-10-23 17:40:00,2016-10-23 18:00:00)",65.10
A,2,"[2016-10-23 18:00:00,2016-10-23 18:20:00)",63.29
A,2,"[2016-10-23 18:20:00,2016-10-23 18:40:00)",60.34
A,2,"[2016-10-23 18:40:00,2016-10-23 19:00:00)",59.67
A,2,"[2016-10-24 17:00:00,2016-10-24 17:20:00)",66.53
A,2,"[2016-10-24 17:20:00,2016-10-24 17:40:00)",67.95
A,2,"[2016-10-24 17:40:00,2016-10-24 18:00:00)",65.86
A,2,"[2016-10-24 18:00:00,2016-10-24 18:20:00)",64.08
A,2,"[2016-10-24 18:20:00,2016-10-24 18:40:00)",61.20
A,2,"[2016-10-24 18:40:00,2016-10-24 19:00:00)",59.97
A,3,"[2016-10-18 08:00:00,2016-10-18 08:20:00)",168.45
A,3,"[2016-10-18 08:20:00,2016-10-18 08:40:00)",170.92
A,3,"[2016-10-18 08:40:00,2016-10-18 09:00:00)",170.92
A,3,"[2016-10-18 09:00:00,2016-10-18 09:20:00)",158.84
A,3,"[2016-10-18 09:20:00,2016-10-18 09:40:00)",143.31
A,3,"[2016-10-18 09:40:00,2016-10-18 10:00:00)",128.21
A,3,"[2016-10-19 08:00:00,2016-10-19 08:20:00)",172.95
A,3,"[2016-10-19 08:20:00,2016-10-19 08:40:00)",174.30
A,3,"[2016-10-19 08:40:00,2016-10-19 09:00:00)",173.04
A,3,"[2016-10-19 09:00:00,2016-10-19 09:20:00)",152.85
A,3,"[2016-10-19 09:20:00,2016-10-19 09:40:00)",132.60
A,3,"[2016-10-19 09:40:00,2016-10-19 10:00:00)",115.57
A,3,"[2016-10-20 08:00:00,2016-10-20 08:20:00)",175.04
A,3,"[2016-10-20 08:20:00,2016-10-20 08:40:00)",176.83
A,3,"[2016-10-20 08:40:00,2016-10-20 09:00:00)",176.27
A,3,"[2016-10-20 09:00:00,2016-10-20 09:20:00)",155.33
A,3,"[2016-10-20 09:20:00,2016-10-20 09:40:00)",133.10
A,3,"[2016-10-20 09:40:00,2016-10-20 10:00:00)",114.14
A,3,"[2016-10-21 08:00:00,2016-10-21 08:20:00)",167.47
A,3,"[2016-10-21 08:20:00,2016-10-21 08:40:00)",170.87
A,3,"[2016-10-21 08:40:00,2016-10-21 09:00:00)",172.79
A,3,"[2016-10-21 09:00:00,2016-10-21 09:20:00)",155.41
A,3,"[2016-10-21 09:20:00,2016-10-21 09:40:00)",136.88
A,3,"[2016-10-21 09:40:00,2016-10-21 10:00:00)",118.04
A,3,"[2016-10-22 08:00:00,2016-10-22 08:20:00)",129.18
A,3,"[2016-10-22 08:20:00,2016-10-22 08:40:00)",131.70
A,3,"[2016-10-22 08:40:00,2016-10-22 09:00:00)",131.76
A,3,"[2016-10-22 09:00:00,2016-10-22 09:20:00)",126.77
A,3,"[2016-10-22 09:20:00,2016-10-22 09:40:00)",120.30
A,3,"[2016-10-22 09:40:00,2016-10-22 10:00:00)",114.06
A,3,"[2016-10-23 08:00:00,2016-10-23 08:20:00)",110.91
A,3,"[2016-10-23 08:20:00,2016-10-23 08:40:00)",111.99
A,3,"[2016-10-23 08:40:00,2016-10-23 09:00:00)",114.54
A,3,"[2016-10-23 09:00:00,2016-10-23 09:20:00)",115.52
A,3,"[2016-10-23 09:20:00,2016-10-23 09:40:00)",115.89
A,3,"[2016-10-23 09:40:00,2016-10-23 10:00:00)",115.75
A,3,"[2016-10-24 08:00:00,2016-10-24 08:20:00)",173.92
A,3,"[2016-10-24 08:20:00,2016-10-24 08:40:00)",175.55
A,3,"[2016-10-24 08:40:00,2016-10-24 09:00:00)",173.55
A,3,"[2016-10-24 09:00:00,2016-10-24 09:20:00)",153.43
A,3,"[2016-10-24 09:20:00,2016-10-24 09:40:00)",131.72
A,3,"[2016-10-24 09:40:00,2016-10-24 10:00:00)",112.83
A,3,"[2016-10-18 17:00:00,2016-10-18 17:20:00)",121.86
A,3,"[2016-10-18 17:20:00,2016-10-18 17:40:00)",121.31
A,3,"[2016-10-18 17:40:00,2016-10-18 18:00:00)",117.87
A,3,"[2016-10-18 18:00:00,2016-10-18 18:20:00)",116.35
A,3,"[2016-10-18 18:20:00,2016-10-18 18:40:00)",115.28
A,3,"[2016-10-18 18:40:00,2016-10-18 19:00:00)",115.06
A,3,"[2016-10-19 17:00:00,2016-10-19 17:20:00)",110.94
A,3,"[2016-10-19 17:20:00,2016-10-19 17:40:00)",111.48
A,3,"[2016-10-19 17:40:00,2016-10-19 18:00:00)",111.05
A,3,"[2016-10-19 18:00:00,2016-10-19 18:20:00)",111.69
A,3,"[2016-10-19 18:20:00,2016-10-19 18:40:00)",110.88
A,3,"[2016-10-19 18:40:00,2016-10-19 19:00:00)",110.00
A,3,"[2016-10-20 17:00:00,2016-10-20 17:20:00)",118.35
A,3,"[2016-10-20 17:20:00,2016-10-20 17:40:00)",119.09
A,3,"[2016-10-20 17:40:00,2016-10-20 18:00:00)",116.66
A,3,"[2016-10-20 18:00:00,2016-10-20 18:20:00)",115.63
A,3,"[2016-10-20 18:20:00,2016-10-20 18:40:00)",113.74
A,3,"[2016-10-20 18:40:00,2016-10-20 19:00:00)",112.79
A,3,"[2016-10-21 17:00:00,2016-10-21 17:20:00)",123.44
A,3,"[2016-10-21 17:20:00,2016-10-21 17:40:00)",123.17
A,3,"[2016-10-21 17:40:00,2016-10-21 18:00:00)",121.69
A,3,"[2016-10-21 18:00:00,2016-10-21 18:20:00)",119.89
A,3,"[2016-10-21 18:20:00,2016-10-21 18:40:00)",117.77
A,3,"[2016-10-21 18:40:00,2016-10-21 19:00:00)",116.30
A,3,"[2016-10-22 17:00:00,2016-10-22 17:20:00)",113.85
A,3,"[2016-10-22 17:20:00,2016-10-22 17:40:00)",114.78
A,3,"[2016-10-22 17:40:00,2016-10-22 18:00:00)",113.68
A,3,"[2016-10-22 18:00:00,2016-10-22 18:20:00)",114.00
A,3,"[2016-10-22 18:20:00,2016-10-22 18:40:00)",113.07
A,3,"[2016-10-22 18:40:00,2016-10-22 19:00:00)",112.69
A,3,"[2016-10-23 17:00:00,2016-10-23 17:20:00)",117.21
A,3,"[2016-10-23 17:20:00,2016-10-23 17:40:00)",117.06
A,3,"[2016-10-23 17:40:00,2016-10-23 18:00:00)",114.22
A,3,"[2016-10-23 18:00:00,2016-10-23 18:20:00)",112.32
A,3,"[2016-10-23 18:20:00,2016-10-23 18:40:00)",110.03
A,3,"[2016-10-23 18:40:00,2016-10-23 19:00:00)",109.13
A,3,"[2016-10-24 17:00:00,2016-10-24 17:20:00)",112.90
A,3,"[2016-10-24 17:20:00,2016-10-24 17:40:00)",113.19
A,3,"[2016-10-24 17:40:00,2016-10-24 18:00:00)",111.50
A,3,"[2016-10-24 18:00:00,2016-10-24 18:20:00)",111.45
A,3,"[2016-10-24 18:20:00,2016-10-24 18:40:00)",110.44
A,3,"[2016-10-24 18:40:00,2016-10-24 19:00:00)",109.88
B,1,"[2016-10-18 08:00:00,2016-10-18 08:20:00)",102.14
B,1,"[2016-10-18 08:20:00,2016-10-18 08:40:00)",103.28
B,1,"[2016-10-18 08:40:00,2016-10-18 09:00:00)",106.18
B,1,"[2016-10-18 09:00:00,2016-10-18 09:20:00)",108.19
B,1,"[2016-10-18 09:20:00,2016-10-18 09:40:00)",110.39
B,1,"[2016-10-18 09:40:00,2016-10-18 10:00:00)",111.63
B,1,"[2016-10-19 08:00:00,2016-10-19 08:20:00)",108.11
B,1,"[2016-10-19 08:20:00,2016-10-19 08:40:00)",109.40
B,1,"[2016-10-19 08:40:00,2016-10-19 09:00:00)",112.91
B,1,"[2016-10-19 09:00:00,2016-10-19 09:20:00)",113.11
B,1,"[2016-10-19 09:20:00,2016-10-19 09:40:00)",113.92
B,1,"[2016-10-19 09:40:00,2016-10-19 10:00:00)",114.49
B,1,"[2016-10-20 08:00:00,2016-10-20 08:20:00)",113.69
B,1,"[2016-10-20 08:20:00,2016-10-20 08:40:00)",116.64
B,1,"[2016-10-20 08:40:00,2016-10-20 09:00:00)",117.84
B,1,"[2016-10-20 09:00:00,2016-10-20 09:20:00)",117.60
B,1,"[2016-10-20 09:20:00,2016-10-20 09:40:00)",117.96
B,1,"[2016-10-20 09:40:00,2016-10-20 10:00:00)",118.98
B,1,"[2016-10-21 08:00:00,2016-10-21 08:20:00)",104.56
B,1,"[2016-10-21 08:20:00,2016-10-21 08:40:00)",106.73
B,1,"[2016-10-21 08:40:00,2016-10-21 09:00:00)",109.07
B,1,"[2016-10-21 09:00:00,2016-10-21 09:20:00)",112.46
B,1,"[2016-10-21 09:20:00,2016-10-21 09:40:00)",116.23
B,1,"[2016-10-21 09:40:00,2016-10-21 10:00:00)",117.94
B,1,"[2016-10-22 08:00:00,2016-10-22 08:20:00)",97.01
B,1,"[2016-10-22 08:20:00,2016-10-22 08:40:00)",96.98
B,1,"[2016-10-22 08:40:00,2016-10-22 09:00:00)",97.82
B,1,"[2016-10-22 09:00:00,2016-10-22 09:20:00)",99.64
B,1,"[2016-10-22 09:20:00,2016-10-22 09:40:00)",103.33
B,1,"[2016-10-22 09:40:00,2016-10-22 10:00:00)",107.20
B,1,"[2016-10-23 08:00:00,2016-10-23 08:20:00)",99.19
B,1,"[2016-10-23 08:20:00,2016-10-23 08:40:00)",102.16
B,1,"[2016-10-23 08:40:00,2016-10-23 09:00:00)",106.37
B,1,"[2016-10-23 09:00:00,2016-10-23 09:20:00)",108.82
B,1,"[2016-10-23 09:20:00,2016-10-23 09:40:00)",109.72
B,1,"[2016-10-23 09:40:00,2016-10-23 10:00:00)",108.89
B,1,"[2016-10-24 08:00:00,2016-10-24 08:20:00)",112.38
B,1,"[2016-10-24 08:20:00,2016-10-24 08:40:00)",115.63
B,1,"[2016-10-24 08:40:00,2016-10-24 09:00:00)",119.16
B,1,"[2016-10-24 09:00:00,2016-10-24 09:20:00)",118.32
B,1,"[2016-10-24 09:20:00,2016-10-24 09:40:00)",116.43
B,1,"[2016-10-24 09:40:00,2016-10-24 10:00:00)",114.19
B,1,"[2016-10-18 17:00:00,2016-10-18 17:20:00)",114.49
B,1,"[2016-10-18 17:20:00,2016-10-18 17:40:00)",116.60
B,1,"[2016-10-18 17:40:00,2016-10-18 18:00:00)",120.64
B,1,"[2016-10-18 18:00:00,2016-10-18 18:20:00)",125.46
B,1,"[2016-10-18 18:20:00,2016-10-18 18:40:00)",128.98
B,1,"[2016-10-18 18:40:00,2016-10-18 19:00:00)",129.61
B,1,"[2016-10-19 17:00:00,2016-10-19 17:20:00)",113.60
B,1,"[2016-10-19 17:20:00,2016-10-19 17:40:00)",114.35
B,1,"[2016-10-19 17:40:00,2016-10-19 18:00:00)",116.93
B,1,"[2016-10-19 18:00:00,2016-10-19 18:20:00)",123.08
B,1,"[2016-10-19 18:20:00,2016-10-19 18:40:00)",127.20
B,1,"[2016-10-19 18:40:00,2016-10-19 19:00:00)",128.28
B,1,"[2016-10-20 17:00:00,2016-10-20 17:20:00)",117.45
B,1,"[2016-10-20 17:20:00,2016-10-20 17:40:00)",118.83
B,1,"[2016-10-20 17:40:00,2016-10-20 18:00:00)",120.20
B,1,"[2016-10-20 18:00:00,2016-10-20 18:20:00)",121.62
B,1,"[2016-10-20 18:20:00,2016-10-20 18:40:00)",122.66
B,1,"[2016-10-20 18:40:00,2016-10-20 19:00:00)",124.16
B,1,"[2016-10-21 17:00:00,2016-10-21 17:20:00)",125.00
B,1,"[2016-10-21 17:20:00,2016-10-21 17:40:00)",126.61
B,1,"[2016-10-21 17:40:00,2016-10-21 18:00:00)",128.59
B,1,"[2016-10-21 18:00:00,2016-10-21 18:20:00)",133.15
B,1,"[2016-10-21 18:20:00,2016-10-21 18:40:00)",137.92
B,1,"[2016-10-21 18:40:00,2016-10-21 19:00:00)",139.31
B,1,"[2016-10-22 17:00:00,2016-10-22 17:20:00)",120.68
B,1,"[2016-10-22 17:20:00,2016-10-22 17:40:00)",121.40
B,1,"[2016-10-22 17:40:00,2016-10-22 18:00:00)",124.34
B,1,"[2016-10-22 18:00:00,2016-10-22 18:20:00)",127.14
B,1,"[2016-10-22 18:20:00,2016-10-22 18:40:00)",130.35
B,1,"[2016-10-22 18:40:00,2016-10-22 19:00:00)",131.91
B,1,"[2016-10-23 17:00:00,2016-10-23 17:20:00)",147.86
B,1,"[2016-10-23 17:20:00,2016-10-23 17:40:00)",150.93
B,1,"[2016-10-23 17:40:00,2016-10-23 18:00:00)",146.71
B,1,"[2016-10-23 18:00:00,2016-10-23 18:20:00)",142.07
B,1,"[2016-10-23 18:20:00,2016-10-23 18:40:00)",136.31
B,1,"[2016-10-23 18:40:00,2016-10-23 19:00:00)",134.35
B,1,"[2016-10-24 17:00:00,2016-10-24 17:20:00)",113.12
B,1,"[2016-10-24 17:20:00,2016-10-24 17:40:00)",116.22
B,1,"[2016-10-24 17:40:00,2016-10-24 18:00:00)",121.01
B,1,"[2016-10-24 18:00:00,2016-10-24 18:20:00)",125.50
B,1,"[2016-10-24 18:20:00,2016-10-24 18:40:00)",127.08
B,1,"[2016-10-24 18:40:00,2016-10-24 19:00:00)",126.92
B,3,"[2016-10-18 08:00:00,2016-10-18 08:20:00)",103.03
B,3,"[2016-10-18 08:20:00,2016-10-18 08:40:00)",106.07
B,3,"[2016-10-18 08:40:00,2016-10-18 09:00:00)",111.59
B,3,"[2016-10-18 09:00:00,2016-10-18 09:20:00)",111.61
B,3,"[2016-10-18 09:20:00,2016-10-18 09:40:00)",111.03
B,3,"[2016-10-18 09:40:00,2016-10-18 10:00:00)",109.04
B,3,"[2016-10-19 08:00:00,2016-10-19 08:20:00)",102.83
B,3,"[2016-10-19 08:20:00,2016-10-19 08:40:00)",107.36
B,3,"[2016-10-19 08:40:00,2016-10-19 09:00:00)",114.19
B,3,"[2016-10-19 09:00:00,2016-10-19 09:20:00)",114.71
B,3,"[2016-10-19 09:20:00,2016-10-19 09:40:00)",112.98
B,3,"[2016-10-19 09:40:00,2016-10-19 10:00:00)",109.49
B,3,"[2016-10-20 08:00:00,2016-10-20 08:20:00)",101.96
B,3,"[2016-10-20 08:20:00,2016-10-20 08:40:00)",111.07
B,3,"[2016-10-20 08:40:00,2016-10-20 09:00:00)",121.86
B,3,"[2016-10-20 09:00:00,2016-10-20 09:20:00)",126.47
B,3,"[2016-10-20 09:20:00,2016-10-20 09:40:00)",123.98
B,3,"[2016-10-20 09:40:00,2016-10-20 10:00:00)",116.65
B,3,"[2016-10-21 08:00:00,2016-10-21 08:20:00)",98.84
B,3,"[2016-10-21 08:20:00,2016-10-21 08:40:00)",101.72
B,3,"[2016-10-21 08:40:00,2016-10-21 09:00:00)",104.21
B,3,"[2016-10-21 09:00:00,2016-10-21 09:20:00)",103.34
B,3,"[2016-10-21 09:20:00,2016-10-21 09:40:00)",101.60
B,3,"[2016-10-21 09:40:00,2016-10-21 10:00:00)",101.06
B,3,"[2016-10-22 08:00:00,2016-10-22 08:20:00)",102.88
B,3,"[2016-10-22 08:20:00,2016-10-22 08:40:00)",106.79
B,3,"[2016-10-22 08:40:00,2016-10-22 09:00:00)",112.07
B,3,"[2016-10-22 09:00:00,2016-10-22 09:20:00)",112.23
B,3,"[2016-10-22 09:20:00,2016-10-22 09:40:00)",110.63
B,3,"[2016-10-22 09:40:00,2016-10-22 10:00:00)",108.35
B,3,"[2016-10-23 08:00:00,2016-10-23 08:20:00)",86.95
B,3,"[2016-10-23 08:20:00,2016-10-23 08:40:00)",90.01
B,3,"[2016-10-23 08:40:00,2016-10-23 09:00:00)",93.13
B,3,"[2016-10-23 09:00:00,2016-10-23 09:20:00)",91.88
B,3,"[2016-10-23 09:20:00,2016-10-23 09:40:00)",91.62
B,3,"[2016-10-23 09:40:00,2016-10-23 10:00:00)",91.09
B,3,"[2016-10-24 08:00:00,2016-10-24 08:20:00)",105.02
B,3,"[2016-10-24 08:20:00,2016-10-24 08:40:00)",109.52
B,3,"[2016-10-24 08:40:00,2016-10-24 09:00:00)",114.78
B,3,"[2016-10-24 09:00:00,2016-10-24 09:20:00)",115.70
B,3,"[2016-10-24 09:20:00,2016-10-24 09:40:00)",114.91
B,3,"[2016-10-24 09:40:00,2016-10-24 10:00:00)",111.41
B,3,"[2016-10-18 17:00:00,2016-10-18 17:20:00)",98.42
B,3,"[2016-10-18 17:20:00,2016-10-18 17:40:00)",97.09
B,3,"[2016-10-18 17:40:00,2016-10-18 18:00:00)",98.33
B,3,"[2016-10-18 18:00:00,2016-10-18 18:20:00)",98.52
B,3,"[2016-10-18 18:20:00,2016-10-18 18:40:00)",98.68
B,3,"[2016-10-18 18:40:00,2016-10-18 19:00:00)",98.90
B,3,"[2016-10-19 17:00:00,2016-10-19 17:20:00)",107.80
B,3,"[2016-10-19 17:20:00,2016-10-19 17:40:00)",105.92
B,3,"[2016-10-19 17:40:00,2016-10-19 18:00:00)",105.12
B,3,"[2016-10-19 18:00:00,2016-10-19 18:20:00)",104.03
B,3,"[2016-10-19 18:20:00,2016-10-19 18:40:00)",103.26
B,3,"[2016-10-19 18:40:00,2016-10-19 19:00:00)",103.98
B,3,"[2016-10-20 17:00:00,2016-10-20 17:20:00)",93.78
B,3,"[2016-10-20 17:20:00,2016-10-20 17:40:00)",95.32
B,3,"[2016-10-20 17:40:00,2016-10-20 18:00:00)",99.40
B,3,"[2016-10-20 18:00:00,2016-10-20 18:20:00)",101.97
B,3,"[2016-10-20 18:20:00,2016-10-20 18:40:00)",102.87
B,3,"[2016-10-20 18:40:00,2016-10-20 19:00:00)",102.83
B,3,"[2016-10-21 17:00:00,2016-10-21 17:20:00)",117.37
B,3,"[2016-10-21 17:20:00,2016-10-21 17:40:00)",115.32
B,3,"[2016-10-21 17:40:00,2016-10-21 18:00:00)",109.93
B,3,"[2016-10-21 18:00:00,2016-10-21 18:20:00)",106.40
B,3,"[2016-10-21 18:20:00,2016-10-21 18:40:00)",104.38
B,3,"[2016-10-21 18:40:00,2016-10-21 19:00:00)",104.34
B,3,"[2016-10-22 17:00:00,2016-10-22 17:20:00)",101.69
B,3,"[2016-10-22 17:20:00,2016-10-22 17:40:00)",102.49
B,3,"[2016-10-22 17:40:00,2016-10-22 18:00:00)",101.37
B,3,"[2016-10-22 18:00:00,2016-10-22 18:20:00)",101.49
B,3,"[2016-10-22 18:20:00,2016-10-22 18:40:00)",99.95
B,3,"[2016-10-22 18:40:00,2016-10-22 19:00:00)",99.05
B,3,"[2016-10-23 17:00:00,2016-10-23 17:20:00)",106.64
B,3,"[2016-10-23 17:20:00,2016-10-23 17:40:00)",105.30
B,3,"[2016-10-23 17:40:00,2016-10-23 18:00:00)",104.07
B,3,"[2016-10-23 18:00:00,2016-10-23 18:20:00)",103.41
B,3,"[2016-10-23 18:20:00,2016-10-23 18:40:00)",102.32
B,3,"[2016-10-23 18:40:00,2016-10-23 19:00:00)",102.56
B,3,"[2016-10-24 17:00:00,2016-10-24 17:20:00)",95.73
B,3,"[2016-10-24 17:20:00,2016-10-24 17:40:00)",94.83
B,3,"[2016-10-24 17:40:00,2016-10-24 18:00:00)",95.50
B,3,"[2016-10-24 18:00:00,2016-10-24 18:20:00)",95.43
B,3,"[2016-10-24 18:20:00,2016-10-24 18:40:00)",96.26
B,3,"[2016-10-24 18:40:00,2016-10-24 19:00:00)",96.97
C,1,"[2016-10-18 08:00:00,2016-10-18 08:20:00)",152.44
C,1,"[2016-10-18 08:20:00,2016-10-18 08:40:00)",149.23
C,1,"[2016-10-18 08:40:00,2016-10-18 09:00:00)",146.60
C,1,"[2016-10-18 09:00:00,2016-10-18 09:20:00)",149.12
C,1,"[2016-10-18 09:20:00,2016-10-18 09:40:00)",155.45
C,1,"[2016-10-18 09:40:00,2016-10-18 10:00:00)",162.71
C,1,"[2016-10-19 08:00:00,2016-10-19 08:20:00)",150.11
C,1,"[2016-10-19 08:20:00,2016-10-19 08:40:00)",149.47
C,1,"[2016-10-19 08:40:00,2016-10-19 09:00:00)",152.64
C,1,"[2016-10-19 09:00:00,2016-10-19 09:20:00)",158.06
C,1,"[2016-10-19 09:20:00,2016-10-19 09:40:00)",161.78
C,1,"[2016-10-19 09:40:00,2016-10-19 10:00:00)",163.91
C,1,"[2016-10-20 08:00:00,2016-10-20 08:20:00)",156.37
C,1,"[2016-10-20 08:20:00,2016-10-20 08:40:00)",155.00
C,1,"[2016-10-20 08:40:00,2016-10-20 09:00:00)",153.60
C,1,"[2016-10-20 09:00:00,2016-10-20 09:20:00)",157.65
C,1,"[2016-10-20 09:20:00,2016-10-20 09:40:00)",160.14
C,1,"[2016-10-20 09:40:00,2016-10-20 10:00:00)",164.35
C,1,"[2016-10-21 08:00:00,2016-10-21 08:20:00)",149.90
C,1,"[2016-10-21 08:20:00,2016-10-21 08:40:00)",145.74
C,1,"[2016-10-21 08:40:00,2016-10-21 09:00:00)",142.19
C,1,"[2016-10-21 09:00:00,2016-10-21 09:20:00)",143.24
C,1,"[2016-10-21 09:20:00,2016-10-21 09:40:00)",148.82
C,1,"[2016-10-21 09:40:00,2016-10-21 10:00:00)",156.49
C,1,"[2016-10-22 08:00:00,2016-10-22 08:20:00)",150.10
C,1,"[2016-10-22 08:20:00,2016-10-22 08:40:00)",146.63
C,1,"[2016-10-22 08:40:00,2016-10-22 09:00:00)",145.86
C,1,"[2016-10-22 09:00:00,2016-10-22 09:20:00)",147.80
C,1,"[2016-10-22 09:20:00,2016-10-22 09:40:00)",152.09
C,1,"[2016-10-22 09:40:00,2016-10-22 10:00:00)",156.97
C,1,"[2016-10-23 08:00:00,2016-10-23 08:20:00)",152.04
C,1,"[2016-10-23 08:20:00,2016-10-23 08:40:00)",150.63
C,1,"[2016-10-23 08:40:00,2016-10-23 09:00:00)",147.73
C,1,"[2016-10-23 09:00:00,2016-10-23 09:20:00)",148.74
C,1,"[2016-10-23 09:20:00,2016-10-23 09:40:00)",151.49
C,1,"[2016-10-23 09:40:00,2016-10-23 10:00:00)",155.52
C,1,"[2016-10-24 08:00:00,2016-10-24 08:20:00)",168.69
C,1,"[2016-10-24 08:20:00,2016-10-24 08:40:00)",168.32
C,1,"[2016-10-24 08:40:00,2016-10-24 09:00:00)",167.89
C,1,"[2016-10-24 09:00:00,2016-10-24 09:20:00)",171.53
C,1,"[2016-10-24 09:20:00,2016-10-24 09:40:00)",176.98
C,1,"[2016-10-24 09:40:00,2016-10-24 10:00:00)",182.34
C,1,"[2016-10-18 17:00:00,2016-10-18 17:20:00)",171.09
C,1,"[2016-10-18 17:20:00,2016-10-18 17:40:00)",171.66
C,1,"[2016-10-18 17:40:00,2016-10-18 18:00:00)",174.91
C,1,"[2016-10-18 18:00:00,2016-10-18 18:20:00)",183.65
C,1,"[2016-10-18 18:20:00,2016-10-18 18:40:00)",189.94
C,1,"[2016-10-18 18:40:00,2016-10-18 19:00:00)",191.84
C,1,"[2016-10-19 17:00:00,2016-10-19 17:20:00)",169.14
C,1,"[2016-10-19 17:20:00,2016-10-19 17:40:00)",167.42
C,1,"[2016-10-19 17:40:00,2016-10-19 18:00:00)",166.90
C,1,"[2016-10-19 18:00:00,2016-10-19 18:20:00)",175.49
C,1,"[2016-10-19 18:20:00,2016-10-19 18:40:00)",187.44
C,1,"[2016-10-19 18:40:00,2016-10-19 19:00:00)",195.08
C,1,"[2016-10-20 17:00:00,2016-10-20 17:20:00)",167.80
C,1,"[2016-10-20 17:20:00,2016-10-20 17:40:00)",169.22
C,1,"[2016-10-20 17:40:00,2016-10-20 18:00:00)",172.25
C,1,"[2016-10-20 18:00:00,2016-10-20 18:20:00)",181.80
C,1,"[2016-10-20 18:20:00,2016-10-20 18:40:00)",189.18
C,1,"[2016-10-20 18:40:00,2016-10-20 19:00:00)",192.58
C,1,"[2016-10-21 17:00:00,2016-10-21 17:20:00)",190.60
C,1,"[2016-10-21 17:20:00,2016-10-21 17:40:00)",196.23
C,1,"[2016-10-21 17:40:00,2016-10-21 18:00:00)",200.18
C,1,"[2016-10-21 18:00:00,2016-10-21 18:20:00)",211.16
C,1,"[2016-10-21 18:20:00,2016-10-21 18:40:00)",221.19
C,1,"[2016-10-21 18:40:00,2016-10-21 19:00:00)",222.65
C,1,"[2016-10-22 17:00:00,2016-10-22 17:20:00)",179.86
C,1,"[2016-10-22 17:20:00,2016-10-22 17:40:00)",183.48
C,1,"[2016-10-22 17:40:00,2016-10-22 18:00:00)",187.26
C,1,"[2016-10-22 18:00:00,2016-10-22 18:20:00)",197.08
C,1,"[2016-10-22 18:20:00,2016-10-22 18:40:00)",205.41
C,1,"[2016-10-22 18:40:00,2016-10-22 19:00:00)",207.59
C,1,"[2016-10-23 17:00:00,2016-10-23 17:20:00)",206.89
C,1,"[2016-10-23 17:20:00,2016-10-23 17:40:00)",211.38
C,1,"[2016-10-23 17:40:00,2016-10-23 18:00:00)",209.97
C,1,"[2016-10-23 18:00:00,2016-10-23 18:20:00)",214.33
C,1,"[2016-10-23 18:20:00,2016-10-23 18:40:00)",217.35
C,1,"[2016-10-23 18:40:00,2016-10-23 19:00:00)",218.10
C,1,"[2016-10-24 17:00:00,2016-10-24 17:20:00)",166.69
C,1,"[2016-10-24 17:20:00,2016-10-24 17:40:00)",168.58
C,1,"[2016-10-24 17:40:00,2016-10-24 18:00:00)",174.31
C,1,"[2016-10-24 18:00:00,2016-10-24 18:20:00)",184.46
C,1,"[2016-10-24 18:20:00,2016-10-24 18:40:00)",192.12
C,1,"[2016-10-24 18:40:00,2016-10-24 19:00:00)",194.13
C,3,"[2016-10-18 08:00:00,2016-10-18 08:20:00)",154.45
C,3,"[2016-10-18 08:20:00,2016-10-18 08:40:00)",155.06
C,3,"[2016-10-18 08:40:00,2016-10-18 09:00:00)",154.26
C,3,"[2016-10-18 09:00:00,2016-10-18 09:20:00)",155.89
C,3,"[2016-10-18 09:20:00,2016-10-18 09:40:00)",158.58
C,3,"[2016-10-18 09:40:00,2016-10-18 10:00:00)",162.33
C,3,"[2016-10-19 08:00:00,2016-10-19 08:20:00)",138.55
C,3,"[2016-10-19 08:20:00,2016-10-19 08:40:00)",138.17
C,3,"[2016-10-19 08:40:00,2016-10-19 09:00:00)",141.34
C,3,"[2016-10-19 09:00:00,2016-10-19 09:20:00)",148.76
C,3,"[2016-10-19 09:20:00,2016-10-19 09:40:00)",152.55
C,3,"[2016-10-19 09:40:00,2016-10-19 10:00:00)",154.07
C,3,"[2016-10-20 08:00:00,2016-10-20 08:20:00)",148.02
C,3,"[2016-10-20 08:20:00,2016-10-20 08:40:00)",147.97
C,3,"[2016-10-20 08:40:00,2016-10-20 09:00:00)",147.59
C,3,"[2016-10-20 09:00:00,2016-10-20 09:20:00)",149.11
C,3,"[2016-10-20 09:20:00,2016-10-20 09:40:00)",149.23
C,3,"[2016-10-20 09:40:00,2016-10-20 10:00:00)",151.86
C,3,"[2016-10-21 08:00:00,2016-10-21 08:20:00)",155.04
C,3,"[2016-10-21 08:20:00,2016-10-21 08:40:00)",156.62
C,3,"[2016-10-21 08:40:00,2016-10-21 09:00:00)",157.11
C,3,"[2016-10-21 09:00:00,2016-10-21 09:20:00)",158.05
C,3,"[2016-10-21 09:20:00,2016-10-21 09:40:00)",158.77
C,3,"[2016-10-21 09:40:00,2016-10-21 10:00:00)",160.14
C,3,"[2016-10-22 08:00:00,2016-10-22 08:20:00)",140.39
C,3,"[2016-10-22 08:20:00,2016-10-22 08:40:00)",139.54
C,3,"[2016-10-22 08:40:00,2016-10-22 09:00:00)",141.94
C,3,"[2016-10-22 09:00:00,2016-10-22 09:20:00)",147.65
C,3,"[2016-10-22 09:20:00,2016-10-22 09:40:00)",151.58
C,3,"[2016-10-22 09:40:00,2016-10-22 10:00:00)",153.66
C,3,"[2016-10-23 08:00:00,2016-10-23 08:20:00)",141.82
C,3,"[2016-10-23 08:20:00,2016-10-23 08:40:00)",139.85
C,3,"[2016-10-23 08:40:00,2016-10-23 09:00:00)",140.29
C,3,"[2016-10-23 09:00:00,2016-10-23 09:20:00)",145.80
C,3,"[2016-10-23 09:20:00,2016-10-23 09:40:00)",151.00
C,3,"[2016-10-23 09:40:00,2016-10-23 10:00:00)",155.28
C,3,"[2016-10-24 08:00:00,2016-10-24 08:20:00)",157.73
C,3,"[2016-10-24 08:20:00,2016-10-24 08:40:00)",157.74
C,3,"[2016-10-24 08:40:00,2016-10-24 09:00:00)",157.58
C,3,"[2016-10-24 09:00:00,2016-10-24 09:20:00)",157.80
C,3,"[2016-10-24 09:20:00,2016-10-24 09:40:00)",159.80
C,3,"[2016-10-24 09:40:00,2016-10-24 10:00:00)",162.68
C,3,"[2016-10-18 17:00:00,2016-10-18 17:20:00)",157.97
C,3,"[2016-10-18 17:20:00,2016-10-18 17:40:00)",159.53
C,3,"[2016-10-18 17:40:00,2016-10-18 18:00:00)",163.40
C,3,"[2016-10-18 18:00:00,2016-10-18 18:20:00)",171.38
C,3,"[2016-10-18 18:20:00,2016-10-18 18:40:00)",177.32
C,3,"[2016-10-18 18:40:00,2016-10-18 19:00:00)",179.47
C,3,"[2016-10-19 17:00:00,2016-10-19 17:20:00)",171.11
C,3,"[2016-10-19 17:20:00,2016-10-19 17:40:00)",174.48
C,3,"[2016-10-19 17:40:00,2016-10-19 18:00:00)",174.15
C,3,"[2016-10-19 18:00:00,2016-10-19 18:20:00)",178.72
C,3,"[2016-10-19 18:20:00,2016-10-19 18:40:00)",183.34
C,3,"[2016-10-19 18:40:00,2016-10-19 19:00:00)",186.51
C,3,"[2016-10-20 17:00:00,2016-10-20 17:20:00)",158.76
C,3,"[2016-10-20 17:20:00,2016-10-20 17:40:00)",161.22
C,3,"[2016-10-20 17:40:00,2016-10-20 18:00:00)",161.52
C,3,"[2016-10-20 18:00:00,2016-10-20 18:20:00)",166.13
C,3,"[2016-10-20 18:20:00,2016-10-20 18:40:00)",169.05
C,3,"[2016-10-20 18:40:00,2016-10-20 19:00:00)",172.04
C,3,"[2016-10-21 17:00:00,2016-10-21 17:20:00)",172.65
C,3,"[2016-10-21 17:20:00,2016-10-21 17:40:00)",177.40
C,3,"[2016-10-21 17:40:00,2016-10-21 18:00:00)",180.37
C,3,"[2016-10-21 18:00:00,2016-10-21 18:20:00)",185.68
C,3,"[2016-10-21 18:20:00,2016-10-21 18:40:00)",189.71
C,3,"[2016-10-21 18:40:00,2016-10-21 19:00:00)",190.46
C,3,"[2016-10-22 17:00:00,2016-10-22 17:20:00)",170.13
C,3,"[2016-10-22 17:20:00,2016-10-22 17:40:00)",174.51
C,3,"[2016-10-22 17:40:00,2016-10-22 18:00:00)",177.26
C,3,"[2016-10-22 18:00:00,2016-10-22 18:20:00)",183.22
C,3,"[2016-10-22 18:20:00,2016-10-22 18:40:00)",186.35
C,3,"[2016-10-22 18:40:00,2016-10-22 19:00:00)",187.43
C,3,"[2016-10-23 17:00:00,2016-10-23 17:20:00)",168.74
C,3,"[2016-10-23 17:20:00,2016-10-23 17:40:00)",172.93
C,3,"[2016-10-23 17:40:00,2016-10-23 18:00:00)",176.78
C,3,"[2016-10-23 18:00:00,2016-10-23 18:20:00)",184.92
C,3,"[2016-10-23 18:20:00,2016-10-23 18:40:00)",191.14
C,3,"[2016-10-23 18:40:00,2016-10-23 19:00:00)",192.70
C,3,"[2016-10-24 17:00:00,2016-10-24 17:20:00)",152.46
C,3,"[2016-10-24 17:20:00,2016-10-24 17:40:00)",154.51
C,3,"[2016-10-24 17:40:00,2016-10-24 18:00:00)",157.29
C,3,"[2016-10-24 18:00:00,2016-10-24 18:20:00)",163.51
C,3,"[2016-10-24 18:20:00,2016-10-24 18:40:00)",167.75
C,3,"[2016-10-24 18:40:00,2016-10-24 19:00:00)",169.52
